{
    "StartingMilestoneID" : "ms_fp_futureTech_001_Start",
    "Milestones" : [
        {
            "Description" : {
                "Id" : "ms_fp_futureTech_001_Start",
                "Name" : "Start",
                "Details" : "Flashpoint",
                "Icon" : null
            },
            "Scope" : "Company",
            "Requirements" : [],
            "Results" : [
                {
                    "Scope" : "Flashpoint",
                    "Requirements" : {
                        "Scope" : "Company",
                        "RequirementTags" : {
                            "items" : [],
                            "tagSetSourceFile" : ""
                        },
                        "ExclusionTags" : {
                            "items" : [],
                            "tagSetSourceFile" : ""
                        },
                        "RequirementComparisons" : []
                    },
                    "AddedTags" : {
                        "items" : [],
                        "tagSetSourceFile" : ""
                    },
                    "RemovedTags" : {
                        "items" : [
                            "fp_choice_a",
                            "fp_choice_b",
                            "fp_choice_c",
                            "fp_choice_d",
                            "fp_choice_cancel"
                        ],
                        "tagSetSourceFile" : ""
                    },
                    "Stats" : null,
                    "Actions" : null,
                    "ForceEvents" : null,
                    "TemporaryResult" : false,
                    "ResultDuration" : 0
                },
                {
                    "Scope" : "Company",
                    "Requirements" : {
                        "Scope" : "Company",
                        "RequirementTags" : {
                            "items" : [],
                            "tagSetSourceFile" : ""
                        },
                        "ExclusionTags" : {
                            "items" : [],
                            "tagSetSourceFile" : ""
                        },
                        "RequirementComparisons" : []
                    },
                    "AddedTags" : {
                        "items" : [],
                        "tagSetSourceFile" : ""
                    },
                    "RemovedTags" : {
                        "items" : [],
                        "tagSetSourceFile" : ""
                    },
                    "Stats" : null,
                    "Actions" : [
                        {
                            "Type" : "Flashpoint_SetNextMilestone",
                            "value" : "ms_fp_futureTech_002_TalkForCancel",
                            "valueConstant" : null,
                            "additionalValues" : null
                        }
                    ],
                    "ForceEvents" : null,
                    "TemporaryResult" : false,
                    "ResultDuration" : 0
                }
            ],
            "Repeatable" : false,
            "UseRandomInvocation" : false,
            "InvokeChance" : 0
        },
        {
            "Description" : {
                "Id" : "ms_fp_futureTech_002_TalkForCancel",
                "Name" : "TalkForCancel",
                "Details" : "Initial Talk with branch for Cancel",
                "Icon" : null
            },
            "Scope" : "Company",
            "Requirements" : [],
            "Results" : [
                {
                    "Scope" : "Company",
                    "Requirements" : {
                        "Scope" : "Company",
                        "RequirementTags" : {
                            "items" : [],
                            "tagSetSourceFile" : ""
                        },
                        "ExclusionTags" : {
                            "items" : [],
                            "tagSetSourceFile" : ""
                        },
                        "RequirementComparisons" : []
                    },
                    "AddedTags" : {
                        "items" : [],
                        "tagSetSourceFile" : ""
                    },
                    "RemovedTags" : {
                        "items" : [],
                        "tagSetSourceFile" : ""
                    },
                    "Stats" : null,
                    "Actions" : [
                        {
                            "Type" : "System_StartConversation",
                            "value" : "9c0ff894ea47c4f4b0d8bdfc",
                            "valueConstant" : null,
                            "additionalValues" : [
                                "Lost Tech Retrieval",
                                "High Orbit \u2014 Appian",
                                "Conference",
                                null
                            ]
                        },
                        {
                            "Type" : "Flashpoint_SetNextMilestone",
                            "value" : "ms_fp_futureTech_003_BranchForCancel",
                            "valueConstant" : null,
                            "additionalValues" : null
                        }
                    ],
                    "ForceEvents" : null,
                    "TemporaryResult" : false,
                    "ResultDuration" : 0
                }
            ],
            "Repeatable" : false,
            "UseRandomInvocation" : false,
            "InvokeChance" : 0
        },
        {
            "Description" : {
                "Id" : "ms_fp_futureTech_003_BranchForCancel",
                "Name" : "Branch For Cancel",
                "Details" : "Branch for initial cancel or continue",
                "Icon" : null
            },
            "Scope" : "Company",
            "Requirements" : [],
            "Results" : [
                {
                    "Scope" : "Company",
                    "Requirements" : {
                        "Scope" : "Flashpoint",
                        "RequirementTags" : {
                            "items" : [],
                            "tagSetSourceFile" : ""
                        },
                        "ExclusionTags" : {
                            "items" : [
                                "fp_choice_cancel"
                            ],
                            "tagSetSourceFile" : ""
                        },
                        "RequirementComparisons" : []
                    },
                    "AddedTags" : {
                        "items" : [],
                        "tagSetSourceFile" : ""
                    },
                    "RemovedTags" : {
                        "items" : [],
                        "tagSetSourceFile" : ""
                    },
                    "Stats" : null,
                    "Actions" : [
                        {
                            "Type" : "Flashpoint_SetNextMilestone",
                            "value" : "ms_fp_futureTech_100_Mission1",
                            "valueConstant" : null,
                            "additionalValues" : null
                        }
                    ],
                    "ForceEvents" : null,
                    "TemporaryResult" : false,
                    "ResultDuration" : 0
                },
                {
                    "Scope" : "Company",
                    "Requirements" : {
                        "Scope" : "Flashpoint",
                        "RequirementTags" : {
                            "items" : [
                                "fp_choice_cancel"
                            ],
                            "tagSetSourceFile" : ""
                        },
                        "ExclusionTags" : {
                            "items" : [],
                            "tagSetSourceFile" : ""
                        },
                        "RequirementComparisons" : []
                    },
                    "AddedTags" : {
                        "items" : [],
                        "tagSetSourceFile" : ""
                    },
                    "RemovedTags" : {
                        "items" : [],
                        "tagSetSourceFile" : ""
                    },
                    "Stats" : null,
                    "Actions" : [
                        {
                            "Type" : "Flashpoint_SetNextMilestone",
                            "value" : "ms_fp_futureTech_400_CancelComplete",
                            "valueConstant" : null,
                            "additionalValues" : null
                        }
                    ],
                    "ForceEvents" : null,
                    "TemporaryResult" : false,
                    "ResultDuration" : 0
                }
            ],
            "Repeatable" : false,
            "UseRandomInvocation" : false,
            "InvokeChance" : 0
        },
        {
            "Description" : {
                "Id" : "ms_fp_futureTech_100_Mission1",
                "Name" : "Mission 1",
                "Details" : "Mission 1 - Distract Pirates",
                "Icon" : null
            },
            "Scope" : "Company",
            "Requirements" : [],
            "Results" : [
                {
                    "Scope" : "Company",
                    "Requirements" : {
                        "Scope" : "Company",
                        "RequirementTags" : {
                            "items" : [],
                            "tagSetSourceFile" : ""
                        },
                        "ExclusionTags" : {
                            "items" : [],
                            "tagSetSourceFile" : ""
                        },
                        "RequirementComparisons" : []
                    },
                    "AddedTags" : {
                        "items" : [],
                        "tagSetSourceFile" : ""
                    },
                    "RemovedTags" : {
                        "items" : [],
                        "tagSetSourceFile" : ""
                    },
                    "Stats" : null,
                    "Actions" : [
                        {
                            "Type" : "Flashpoint_AddContract",
                            "value" : "mapGeneral_rollingHillsLakeA_vLow",
                            "valueConstant" : null,
                            "additionalValues" : [
                                null,
                                null,
                                "c_fp_futureTech_1_distractPirates",
                                "AuriganRestoration",
                                "AuriganPirates",
                                "6",
                                "ms_fp_futureTech_101_TalkChoice1",
                                null,
                                null,
                                null
                            ]
                        },
                        {
                            "Type" : "System_ForceDropshipRoom",
                            "value" : "Contract",
                            "valueConstant" : null,
                            "additionalValues" : [
                                "BaseFlashpoint"
                            ]
                        }
                    ],
                    "ForceEvents" : null,
                    "TemporaryResult" : false,
                    "ResultDuration" : 0
                }
            ],
            "Repeatable" : false,
            "UseRandomInvocation" : false,
            "InvokeChance" : 0
        },
        {
            "Description" : {
                "Id" : "ms_fp_futureTech_101_TalkChoice1",
                "Name" : "TalkChoice1",
                "Details" : "Talk before choosing Mission 2A or 2B",
                "Icon" : null
            },
            "Scope" : "Company",
            "Requirements" : [],
            "Results" : [
                {
                    "Scope" : "Company",
                    "Requirements" : {
                        "Scope" : "Company",
                        "RequirementTags" : {
                            "items" : [],
                            "tagSetSourceFile" : ""
                        },
                        "ExclusionTags" : {
                            "items" : [],
                            "tagSetSourceFile" : ""
                        },
                        "RequirementComparisons" : []
                    },
                    "AddedTags" : {
                        "items" : [],
                        "tagSetSourceFile" : ""
                    },
                    "RemovedTags" : {
                        "items" : [],
                        "tagSetSourceFile" : ""
                    },
                    "Stats" : null,
                    "Actions" : [
                        {
                            "Type" : "System_StartConversation",
                            "value" : "9c7be8c209b42e6eda79ca62",
                            "valueConstant" : null,
                            "additionalValues" : [
                                "Lost Tech Retrieval II",
                                "High Orbit \u2014 Appian",
                                "Conference",
                                null
                            ]
                        },
                        {
                            "Type" : "Flashpoint_SetNextMilestone",
                            "value" : "ms_fp_futureTech_102_Branch",
                            "valueConstant" : null,
                            "additionalValues" : null
                        }
                    ],
                    "ForceEvents" : null,
                    "TemporaryResult" : false,
                    "ResultDuration" : 0
                }
            ],
            "Repeatable" : false,
            "UseRandomInvocation" : false,
            "InvokeChance" : 0
        },
        {
            "Description" : {
                "Id" : "ms_fp_futureTech_102_Branch",
                "Name" : "Mission Branch",
                "Details" : "Branch for Mission 2A or 2B",
                "Icon" : null
            },
            "Scope" : "Company",
            "Requirements" : [],
            "Results" : [
                {
                    "Scope" : "Company",
                    "Requirements" : {
                        "Scope" : "Flashpoint",
                        "RequirementTags" : {
                            "items" : [
                                "fp_choice_a"
                            ],
                            "tagSetSourceFile" : ""
                        },
                        "ExclusionTags" : {
                            "items" : [],
                            "tagSetSourceFile" : ""
                        },
                        "RequirementComparisons" : []
                    },
                    "AddedTags" : {
                        "items" : [],
                        "tagSetSourceFile" : ""
                    },
                    "RemovedTags" : {
                        "items" : [],
                        "tagSetSourceFile" : ""
                    },
                    "Stats" : null,
                    "Actions" : [
                        {
                            "Type" : "Flashpoint_SetNextMilestone",
                            "value" : "ms_fp_futureTech_200_Op2A",
                            "valueConstant" : null,
                            "additionalValues" : null
                        }
                    ],
                    "ForceEvents" : null,
                    "TemporaryResult" : false,
                    "ResultDuration" : 0
                },
                {
                    "Scope" : "Company",
                    "Requirements" : {
                        "Scope" : "Flashpoint",
                        "RequirementTags" : {
                            "items" : [
                                "fp_choice_b"
                            ],
                            "tagSetSourceFile" : ""
                        },
                        "ExclusionTags" : {
                            "items" : [],
                            "tagSetSourceFile" : ""
                        },
                        "RequirementComparisons" : []
                    },
                    "AddedTags" : {
                        "items" : [],
                        "tagSetSourceFile" : ""
                    },
                    "RemovedTags" : {
                        "items" : [],
                        "tagSetSourceFile" : ""
                    },
                    "Stats" : null,
                    "Actions" : [
                        {
                            "Type" : "Flashpoint_SetNextMilestone",
                            "value" : "ms_fp_futureTech_201_Op2B",
                            "valueConstant" : null,
                            "additionalValues" : null
                        }
                    ],
                    "ForceEvents" : null,
                    "TemporaryResult" : false,
                    "ResultDuration" : 0
                }
            ],
            "Repeatable" : false,
            "UseRandomInvocation" : false,
            "InvokeChance" : 0
        },
        {
            "Description" : {
                "Id" : "ms_fp_futureTech_200_Op2A",
                "Name" : "Mission 2A",
                "Details" : "Attack Pirate Convoy",
                "Icon" : null
            },
            "Scope" : "Company",
            "Requirements" : [],
            "Results" : [
                {
                    "Scope" : "Company",
                    "Requirements" : {
                        "Scope" : "Company",
                        "RequirementTags" : {
                            "items" : [],
                            "tagSetSourceFile" : ""
                        },
                        "ExclusionTags" : {
                            "items" : [],
                            "tagSetSourceFile" : ""
                        },
                        "RequirementComparisons" : []
                    },
                    "AddedTags" : {
                        "items" : [],
                        "tagSetSourceFile" : ""
                    },
                    "RemovedTags" : {
                        "items" : [],
                        "tagSetSourceFile" : ""
                    },
                    "Stats" : null,
                    "Actions" : [
                        {
                            "Type" : "Flashpoint_StartContract",
                            "value" : "mapGeneral_alpinePass_iGlc",
                            "valueConstant" : null,
                            "additionalValues" : [
                                "c_fp_futureTech_2A_ConvoyAmbush",
                                null,
                                null,
                                "AuriganRestoration",
                                "AuriganPirates",
                                "5",
                                "ms_fp_futureTech_203_Talk2",
                                null,
                                null,
                                "ms_fp_futureTech_402_HalfReward",
                                null,
                                null
                            ]
                        },
                        {
                            "Type" : "System_ForceDropshipRoom",
                            "value" : "Contract",
                            "valueConstant" : null,
                            "additionalValues" : [
                                "BaseFlashpoint"
                            ]
                        }
                    ],
                    "ForceEvents" : null,
                    "TemporaryResult" : false,
                    "ResultDuration" : 0
                }
            ],
            "Repeatable" : false,
            "UseRandomInvocation" : false,
            "InvokeChance" : 0
        },
        {
            "Description" : {
                "Id" : "ms_fp_futureTech_201_Op2B",
                "Name" : "Mission 2B",
                "Details" : "Eliminate enemy forces",
                "Icon" : null
            },
            "Scope" : "Company",
            "Requirements" : [],
            "Results" : [
                {
                    "Scope" : "Company",
                    "Requirements" : {
                        "Scope" : "Company",
                        "RequirementTags" : {
                            "items" : [],
                            "tagSetSourceFile" : ""
                        },
                        "ExclusionTags" : {
                            "items" : [],
                            "tagSetSourceFile" : ""
                        },
                        "RequirementComparisons" : []
                    },
                    "AddedTags" : {
                        "items" : [],
                        "tagSetSourceFile" : ""
                    },
                    "RemovedTags" : {
                        "items" : [],
                        "tagSetSourceFile" : ""
                    },
                    "Stats" : null,
                    "Actions" : [
                        {
                            "Type" : "Flashpoint_StartContract",
                            "value" : "mapGeneral_hiddenLagoon_vHigh",
                            "valueConstant" : null,
                            "additionalValues" : [
                                null,
                                null,
                                "c_fp_futureTech_2B_PiratesVsMercs",
                                "AuriganRestoration",
                                "AuriganPirates",
                                "5",
                                "ms_fp_futureTech_203_Talk2",
                                null,
                                null,
                                "ms_fp_futureTech_402_HalfReward",
                                null,
                                "HostileMercenaries"
                            ]
                        },
                        {
                            "Type" : "System_ForceDropshipRoom",
                            "value" : "Contract",
                            "valueConstant" : null,
                            "additionalValues" : [
                                "BaseFlashpoint"
                            ]
                        }
                    ],
                    "ForceEvents" : null,
                    "TemporaryResult" : false,
                    "ResultDuration" : 0
                }
            ],
            "Repeatable" : false,
            "UseRandomInvocation" : false,
            "InvokeChance" : 0
        },
        {
            "Description" : {
                "Id" : "ms_fp_futureTech_203_Talk2",
                "Name" : "Talk2",
                "Details" : "Talk2 - Obidiah Looby",
                "Icon" : null
            },
            "Scope" : "Company",
            "Requirements" : [],
            "Results" : [
                {
                    "Scope" : "Company",
                    "Requirements" : {
                        "Scope" : "Company",
                        "RequirementTags" : {
                            "items" : [],
                            "tagSetSourceFile" : ""
                        },
                        "ExclusionTags" : {
                            "items" : [],
                            "tagSetSourceFile" : ""
                        },
                        "RequirementComparisons" : []
                    },
                    "AddedTags" : {
                        "items" : [],
                        "tagSetSourceFile" : ""
                    },
                    "RemovedTags" : {
                        "items" : [],
                        "tagSetSourceFile" : ""
                    },
                    "Stats" : null,
                    "Actions" : [
                        {
                            "Type" : "System_StartConversation",
                            "value" : "9c240d0078befb0a25612582",
                            "valueConstant" : null,
                            "additionalValues" : [
                                "Lost Tech Retrieval III",
                                "High Orbit \u2014 Appian",
                                "Conference",
                                null
                            ]
                        },
                        {
                            "Type" : "Flashpoint_SetNextMilestone",
                            "value" : "ms_fp_futureTech_204_Branch2",
                            "valueConstant" : null,
                            "additionalValues" : null
                        }
                    ],
                    "ForceEvents" : null,
                    "TemporaryResult" : false,
                    "ResultDuration" : 0
                }
            ],
            "Repeatable" : false,
            "UseRandomInvocation" : false,
            "InvokeChance" : 0
        },
        {
            "Description" : {
                "Id" : "ms_fp_futureTech_204_Branch2",
                "Name" : "Branch2",
                "Details" : "Pick Op3A, OP 3B, or Bail on contract",
                "Icon" : null
            },
            "Scope" : "Company",
            "Requirements" : [],
            "Results" : [
                {
                    "Scope" : "Company",
                    "Requirements" : {
                        "Scope" : "Flashpoint",
                        "RequirementTags" : {
                            "items" : [
                                "fp_choice_c"
                            ],
                            "tagSetSourceFile" : ""
                        },
                        "ExclusionTags" : {
                            "items" : [],
                            "tagSetSourceFile" : ""
                        },
                        "RequirementComparisons" : []
                    },
                    "AddedTags" : {
                        "items" : [],
                        "tagSetSourceFile" : ""
                    },
                    "RemovedTags" : {
                        "items" : [],
                        "tagSetSourceFile" : ""
                    },
                    "Stats" : null,
                    "Actions" : [
                        {
                            "Type" : "Flashpoint_SetNextMilestone",
                            "value" : "ms_fp_futureTech_300_Op3A",
                            "valueConstant" : null,
                            "additionalValues" : null
                        },
                        {
                            "Type" : "System_SimGameCharacterVisible",
                            "value" : "True",
                            "valueConstant" : null,
                            "additionalValues" : [
                                "Alexander"
                            ]
                        }
                    ],
                    "ForceEvents" : null,
                    "TemporaryResult" : false,
                    "ResultDuration" : 0
                },
                {
                    "Scope" : "Company",
                    "Requirements" : {
                        "Scope" : "Flashpoint",
                        "RequirementTags" : {
                            "items" : [
                                "fp_choice_d"
                            ],
                            "tagSetSourceFile" : ""
                        },
                        "ExclusionTags" : {
                            "items" : [],
                            "tagSetSourceFile" : ""
                        },
                        "RequirementComparisons" : []
                    },
                    "AddedTags" : {
                        "items" : [],
                        "tagSetSourceFile" : ""
                    },
                    "RemovedTags" : {
                        "items" : [],
                        "tagSetSourceFile" : ""
                    },
                    "Stats" : null,
                    "Actions" : [
                        {
                            "Type" : "Flashpoint_SetNextMilestone",
                            "value" : "ms_fp_futureTech_301_Op3B",
                            "valueConstant" : null,
                            "additionalValues" : null
                        },
                        {
                            "Type" : "System_SimGameCharacterVisible",
                            "value" : "True",
                            "valueConstant" : null,
                            "additionalValues" : [
                                "Alexander"
                            ]
                        }
                    ],
                    "ForceEvents" : null,
                    "TemporaryResult" : false,
                    "ResultDuration" : 0
                },
                {
                    "Scope" : "Company",
                    "Requirements" : {
                        "Scope" : "Flashpoint",
                        "RequirementTags" : {
                            "items" : [
                                "fp_choice_e"
                            ],
                            "tagSetSourceFile" : ""
                        },
                        "ExclusionTags" : {
                            "items" : [
                                "fp_choice_cancel",
                                "fp_choice_c",
                                "fp_choice_d"
                            ],
                            "tagSetSourceFile" : ""
                        },
                        "RequirementComparisons" : []
                    },
                    "AddedTags" : {
                        "items" : [],
                        "tagSetSourceFile" : ""
                    },
                    "RemovedTags" : {
                        "items" : [],
                        "tagSetSourceFile" : ""
                    },
                    "Stats" : null,
                    "Actions" : [
                        {
                            "Type" : "Flashpoint_SetNextMilestone",
                            "value" : "ms_fp_futureTech_401_Cancel_HalfCredit",
                            "valueConstant" : null,
                            "additionalValues" : null
                        }
                    ],
                    "ForceEvents" : null,
                    "TemporaryResult" : false,
                    "ResultDuration" : 0
                }
            ],
            "Repeatable" : false,
            "UseRandomInvocation" : false,
            "InvokeChance" : 0
        },
        {
            "Description" : {
                "Id" : "ms_fp_futureTech_300_Op3A",
                "Name" : "Op3A",
                "Details" : "Convoy escort (capture escort) - Hostile Merc OPFOR",
                "Icon" : null
            },
            "Scope" : "Company",
            "Requirements" : [],
            "Results" : [
                {
                    "Scope" : "Company",
                    "Requirements" : {
                        "Scope" : "Company",
                        "RequirementTags" : {
                            "items" : [],
                            "tagSetSourceFile" : ""
                        },
                        "ExclusionTags" : {
                            "items" : [],
                            "tagSetSourceFile" : ""
                        },
                        "RequirementComparisons" : []
                    },
                    "AddedTags" : {
                        "items" : [],
                        "tagSetSourceFile" : ""
                    },
                    "RemovedTags" : {
                        "items" : [],
                        "tagSetSourceFile" : ""
                    },
                    "Stats" : null,
                    "Actions" : [
                        {
                            "Type" : "Flashpoint_StartContract",
                            "value" : "mapGeneral_borealForest_iGlc",
                            "valueConstant" : null,
                            "additionalValues" : [
                                null,
                                null,
                                "c_fp_futureTech_3A_ConvoyEscort",
                                "AuriganRestoration",
                                "HostileMercenaries",
                                "6",
                                "ms_fp_futureTech_302_Talk3",
                                null,
                                null,
                                "ms_fp_futureTech_401_Cancel-Half",
                                null,
                                null
                            ]
                        },
                        {
                            "Type" : "System_ForceDropshipRoom",
                            "value" : "Contract",
                            "valueConstant" : null,
                            "additionalValues" : [
                                "BaseFlashpoint"
                            ]
                        }
                    ],
                    "ForceEvents" : null,
                    "TemporaryResult" : false,
                    "ResultDuration" : 0
                }
            ],
            "Repeatable" : false,
            "UseRandomInvocation" : false,
            "InvokeChance" : 0
        },
        {
            "Description" : {
                "Id" : "ms_fp_futureTech_301_Op3B",
                "Name" : "Op3B",
                "Details" : "Base Assault - Pirate OPFOR",
                "Icon" : null
            },
            "Scope" : "Company",
            "Requirements" : [],
            "Results" : [
                {
                    "Scope" : "Company",
                    "Requirements" : {
                        "Scope" : "Company",
                        "RequirementTags" : {
                            "items" : [],
                            "tagSetSourceFile" : ""
                        },
                        "ExclusionTags" : {
                            "items" : [],
                            "tagSetSourceFile" : ""
                        },
                        "RequirementComparisons" : []
                    },
                    "AddedTags" : {
                        "items" : [],
                        "tagSetSourceFile" : ""
                    },
                    "RemovedTags" : {
                        "items" : [],
                        "tagSetSourceFile" : ""
                    },
                    "Stats" : null,
                    "Actions" : [
                        {
                            "Type" : "Flashpoint_StartContract",
                            "value" : "mapGeneral_alpineCathedral_iTnd",
                            "valueConstant" : null,
                            "additionalValues" : [
                                null,
                                null,
                                "c_fp_futureTech_3B_DestroyBase",
                                "AuriganRestoration",
                                "AuriganPirates",
                                "6",
                                "ms_fp_futureTech_302_Talk3",
                                null,
                                null,
                                "ms_fp_futureTech_401_Cancel-Half",
                                null,
                                null
                            ]
                        },
                        {
                            "Type" : "System_ForceDropshipRoom",
                            "value" : "Contract",
                            "valueConstant" : null,
                            "additionalValues" : [
                                "BaseFlashpoint"
                            ]
                        }
                    ],
                    "ForceEvents" : null,
                    "TemporaryResult" : false,
                    "ResultDuration" : 0
                }
            ],
            "Repeatable" : false,
            "UseRandomInvocation" : false,
            "InvokeChance" : 0
        },
        {
            "Description" : {
                "Id" : "ms_fp_futureTech_302_Talk3",
                "Name" : "Talk3",
                "Details" : "Talk about Obidiah Looby",
                "Icon" : null
            },
            "Scope" : "Company",
            "Requirements" : [],
            "Results" : [
                {
                    "Scope" : "Company",
                    "Requirements" : {
                        "Scope" : "Company",
                        "RequirementTags" : {
                            "items" : [],
                            "tagSetSourceFile" : ""
                        },
                        "ExclusionTags" : {
                            "items" : [],
                            "tagSetSourceFile" : ""
                        },
                        "RequirementComparisons" : []
                    },
                    "AddedTags" : {
                        "items" : [],
                        "tagSetSourceFile" : ""
                    },
                    "RemovedTags" : {
                        "items" : [],
                        "tagSetSourceFile" : ""
                    },
                    "Stats" : null,
                    "Actions" : [
                        {
                            "Type" : "System_StartConversation",
                            "value" : "9c4a18d91bd5734d69a0bed7",
                            "valueConstant" : null,
                            "additionalValues" : [
                                "Lost Tech Retrieval IV",
                                "High Orbit \u2014 Appian",
                                "Conference",
                                null
                            ]
                        },
                        {
                            "Type" : "Flashpoint_SetNextMilestone",
                            "value" : "ms_fp_futureTech_303_Branch3",
                            "valueConstant" : null,
                            "additionalValues" : null
                        }
                    ],
                    "ForceEvents" : null,
                    "TemporaryResult" : false,
                    "ResultDuration" : 0
                }
            ],
            "Repeatable" : false,
            "UseRandomInvocation" : false,
            "InvokeChance" : 0
        },
        {
            "Description" : {
                "Id" : "ms_fp_futureTech_303_Branch3",
                "Name" : "Branch3",
                "Details" : "ms_fp_futureTech_303_Branch3",
                "Icon" : null
            },
            "Scope" : "Company",
            "Requirements" : [],
            "Results" : [
                {
                    "Scope" : "Company",
                    "Requirements" : {
                        "Scope" : "Company",
                        "RequirementTags" : {
                            "items" : [],
                            "tagSetSourceFile" : ""
                        },
                        "ExclusionTags" : {
                            "items" : [
                                "fp_choice_cancel",
                                "fp_choice_e"
                            ],
                            "tagSetSourceFile" : ""
                        },
                        "RequirementComparisons" : []
                    },
                    "AddedTags" : {
                        "items" : [],
                        "tagSetSourceFile" : ""
                    },
                    "RemovedTags" : {
                        "items" : [],
                        "tagSetSourceFile" : ""
                    },
                    "Stats" : null,
                    "Actions" : [
                        {
                            "Type" : "Flashpoint_SetNextMilestone",
                            "value" : "ms_fp_futureTech_304_LoobyShowdown",
                            "valueConstant" : null,
                            "additionalValues" : null
                        }
                    ],
                    "ForceEvents" : null,
                    "TemporaryResult" : false,
                    "ResultDuration" : 0
                },
                {
                    "Scope" : "Company",
                    "Requirements" : {
                        "Scope" : "Flashpoint",
                        "RequirementTags" : {
                            "items" : [
                                "fp_choice_e"
                            ],
                            "tagSetSourceFile" : ""
                        },
                        "ExclusionTags" : {
                            "items" : [],
                            "tagSetSourceFile" : ""
                        },
                        "RequirementComparisons" : []
                    },
                    "AddedTags" : {
                        "items" : [],
                        "tagSetSourceFile" : ""
                    },
                    "RemovedTags" : {
                        "items" : [],
                        "tagSetSourceFile" : ""
                    },
                    "Stats" : null,
                    "Actions" : [
                        {
                            "Type" : "Flashpoint_SetNextMilestone",
                            "value" : "ms_fp_futureTech_401_Cancel-Half",
                            "valueConstant" : null,
                            "additionalValues" : null
                        }
                    ],
                    "ForceEvents" : null,
                    "TemporaryResult" : false,
                    "ResultDuration" : 0
                }
            ],
            "Repeatable" : false,
            "UseRandomInvocation" : false,
            "InvokeChance" : 0
        },
        {
            "Description" : {
                "Id" : "ms_fp_futureTech_304_LoobyShowdown",
                "Name" : "LoobyShowdown",
                "Details" : "Final battle with Looby - Assassination mission",
                "Icon" : null
            },
            "Scope" : "Company",
            "Requirements" : [],
            "Results" : [
                {
                    "Scope" : "Company",
                    "Requirements" : {
                        "Scope" : "Company",
                        "RequirementTags" : {
                            "items" : [],
                            "tagSetSourceFile" : ""
                        },
                        "ExclusionTags" : {
                            "items" : [],
                            "tagSetSourceFile" : ""
                        },
                        "RequirementComparisons" : []
                    },
                    "AddedTags" : {
                        "items" : [],
                        "tagSetSourceFile" : ""
                    },
                    "RemovedTags" : {
                        "items" : [],
                        "tagSetSourceFile" : ""
                    },
                    "Stats" : null,
                    "Actions" : [
                        {
                            "Type" : "Flashpoint_StartContract",
                            "value" : "mapGeneral_terraceLakes_vLow",
                            "valueConstant" : null,
                            "additionalValues" : [
                                null,
                                null,
                                "c_fp_futureTech_4_KillLooby",
                                "AuriganRestoration",
                                "HostileMercenaries",
                                "6",
                                "ms_fp_futureTech_305_BaseDefense",
                                null,
                                null,
                                "ms_fp_futureTech_305_BaseDefense",
                                null,
                                null
                            ]
                        },
                        {
                            "Type" : "System_ForceDropshipRoom",
                            "value" : "Contract",
                            "valueConstant" : null,
                            "additionalValues" : [
                                "BaseFlashpoint"
                            ]
                        }
                    ],
                    "ForceEvents" : null,
                    "TemporaryResult" : false,
                    "ResultDuration" : 0
                }
            ],
            "Repeatable" : false,
            "UseRandomInvocation" : false,
            "InvokeChance" : 0
        },
        {
            "Description" : {
                "Id" : "ms_fp_futureTech_305_BaseDefense",
                "Name" : "BaseDefense",
                "Details" : "Defend pirate base from ComStar",
                "Icon" : null
            },
            "Scope" : "Company",
            "Requirements" : [],
            "Results" : [
                {
                    "Scope" : "Company",
                    "Requirements" : {
                        "Scope" : "Company",
                        "RequirementTags" : {
                            "items" : [],
                            "tagSetSourceFile" : ""
                        },
                        "ExclusionTags" : {
                            "items" : [],
                            "tagSetSourceFile" : ""
                        },
                        "RequirementComparisons" : []
                    },
                    "AddedTags" : {
                        "items" : [],
                        "tagSetSourceFile" : ""
                    },
                    "RemovedTags" : {
                        "items" : [],
                        "tagSetSourceFile" : ""
                    },
                    "Stats" : null,
                    "Actions" : [
                        {
                            "Type" : "Flashpoint_StartContract",
                            "value" : "mapGeneral_CentralMound_iTnd",
                            "valueConstant" : null,
                            "additionalValues" : [
                                null,
                                null,
                                "Contract Name",
                                "AuriganRestoration",
                                "ComStar",
                                "8",
                                "ms_fp_futureTech_306_FinalTalk",
                                null,
                                null,
                                "ms_fp_futureTech_306_FinalTalk",
                                null,
                                null
                            ]
                        },
                        {
                            "Type" : "System_ForceDropshipRoom",
                            "value" : "Contract",
                            "valueConstant" : null,
                            "additionalValues" : [
                                "BaseFlashpoint"
                            ]
                        }
                    ],
                    "ForceEvents" : null,
                    "TemporaryResult" : false,
                    "ResultDuration" : 0
                }
            ],
            "Repeatable" : false,
            "UseRandomInvocation" : false,
            "InvokeChance" : 0
        },
        {
            "Description" : {
                "Id" : "ms_fp_futureTech_306_FinalTalk",
                "Name" : "FinalTalk",
                "Details" : "Final conversation - reveal future tech",
                "Icon" : null
            },
            "Scope" : "Company",
            "Requirements" : [],
            "Results" : [
                {
                    "Scope" : "Company",
                    "Requirements" : {
                        "Scope" : "Company",
                        "RequirementTags" : {
                            "items" : [],
                            "tagSetSourceFile" : ""
                        },
                        "ExclusionTags" : {
                            "items" : [],
                            "tagSetSourceFile" : ""
                        },
                        "RequirementComparisons" : []
                    },
                    "AddedTags" : {
                        "items" : [],
                        "tagSetSourceFile" : ""
                    },
                    "RemovedTags" : {
                        "items" : [],
                        "tagSetSourceFile" : ""
                    },
                    "Stats" : null,
                    "Actions" : [
                        {
                            "Type" : "System_StartConversation",
                            "value" : "9ce265c40c96d6d13c7f57aa",
                            "valueConstant" : null,
                            "additionalValues" : [
                                "Lost Tech Retrieval V",
                                "High Orbit \u2014 Appian",
                                "Conference",
                                null
                            ]
                        },
                        {
                            "Type" : "Flashpoint_SetNextMilestone",
                            "value" : "ms_fp_futureTech_307_Completion",
                            "valueConstant" : null,
                            "additionalValues" : null
                        }
                    ],
                    "ForceEvents" : null,
                    "TemporaryResult" : false,
                    "ResultDuration" : 0
                }
            ],
            "Repeatable" : false,
            "UseRandomInvocation" : false,
            "InvokeChance" : 0
        },
        {
            "Description" : {
                "Id" : "ms_fp_futureTech_307_Completion",
                "Name" : "Completion",
                "Details" : "Complete Flashpoint",
                "Icon" : null
            },
            "Scope" : "Company",
            "Requirements" : [],
            "Results" : [
                {
                    "Scope" : "Company",
                    "Requirements" : {
                        "Scope" : "Company",
                        "RequirementTags" : {
                            "items" : [],
                            "tagSetSourceFile" : ""
                        },
                        "ExclusionTags" : {
                            "items" : [
                                "flashpoint_futureTech_half",
                                "flashpoint_futureTech_cancel"
                            ],
                            "tagSetSourceFile" : ""
                        },
                        "RequirementComparisons" : []
                    },
                    "AddedTags" : {
                        "items" : [
                            "flashpoint_futureTech_complete",
                            "flashpoint_futureTech_full"
                        ],
                        "tagSetSourceFile" : ""
                    },
                    "RemovedTags" : {
                        "items" : [],
                        "tagSetSourceFile" : ""
                    },
                    "Stats" : null,
                    "Actions" : [
                        {
                            "Type" : "Flashpoint_CompleteFlashpoint",
                            "value" : "ms_fp_futureTech_308_Rewards",
                            "valueConstant" : null,
                            "additionalValues" : [
                                null,
                                null
                            ]
                        },
                        {
                            "Type" : "System_ForceDropshipRoom",
                            "value" : "Ship",
                            "valueConstant" : null,
                            "additionalValues" : [
                                null
                            ]
                        }
                    ],
                    "ForceEvents" : null,
                    "TemporaryResult" : false,
                    "ResultDuration" : 0
                }
            ],
            "Repeatable" : false,
            "UseRandomInvocation" : false,
            "InvokeChance" : 0
        },
        {
            "Description" : {
                "Id" : "ms_fp_futureTech_308_Rewards",
                "Name" : "Rewards",
                "Details" : "Give rewards and unlock Argo upgrades",
                "Icon" : null
            },
            "Scope" : "Company",
            "Requirements" : [],
            "Results" : [
                {
                    "Scope" : "Company",
                    "Requirements" : {
                        "Scope" : "Company",
                        "RequirementTags" : {
                            "items" : [],
                            "tagSetSourceFile" : ""
                        },
                        "ExclusionTags" : {
                            "items" : [],
                            "tagSetSourceFile" : ""
                        },
                        "RequirementComparisons" : []
                    },
                    "AddedTags" : {
                        "items" : [
                            "ALLIED_FACTION_AuriganRestoration"
                        ],
                        "tagSetSourceFile" : "Tags/CompanyTags"
                    },
                    "RemovedTags" : {
                        "items" : [],
                        "tagSetSourceFile" : ""
                    },
                    "Stats" : [
                        {
                            "typeString" : "System.Int32",
                            "name" : "Funds",
                            "value" : "3000000",
                            "set" : false,
                            "valueConstant" : null
                        },
                        {
                            "typeString" : "System.Int32",
                            "name" : "Reputation.AuriganRestoration",
                            "value" : "20",
                            "set" : false,
                            "valueConstant" : null
                        },
                        {
                            "typeString" : "System.Int32",
                            "name" : "Morale",
                            "value" : "-1",
                            "set" : false,
                            "valueConstant" : null
                        }
                    ],
                    "Actions" : [
                        {
                            "Type" : "System_PauseNotification",
                            "value" : "The Aurigan Restoration is as good as their word. We got a hell of a haul on this one, Commander. The amount of Future Tech we got is insane.",
                            "valueConstant" : null,
                            "additionalValues" : [
                                "Status Update",
                                "castDef_DariusDefault",
                                "itemCollection_loot_fp_complete"
                            ]
                        }
                    ],
                    "ForceEvents" : null,
                    "TemporaryResult" : false,
                    "ResultDuration" : 0
                }
            ],
            "Repeatable" : false,
            "UseRandomInvocation" : false,
            "InvokeChance" : 0
        },
        {
            "Description" : {
                "Id" : "ms_fp_futureTech_401_Cancel-Half",
                "Name" : "HalfCredit",
                "Details" : "Partial completion, partial rewards.",
                "Icon" : null
            },
            "Scope" : "Company",
            "Requirements" : [],
            "Results" : [
                {
                    "Scope" : "Company",
                    "Requirements" : {
                        "Scope" : "Company",
                        "RequirementTags" : {
                            "items" : [],
                            "tagSetSourceFile" : ""
                        },
                        "ExclusionTags" : {
                            "items" : [],
                            "tagSetSourceFile" : ""
                        },
                        "RequirementComparisons" : []
                    },
                    "AddedTags" : {
                        "items" : [
                            "flashpoint_futureTech_complete",
                            "flashpoint_futureTech_half"
                        ],
                        "tagSetSourceFile" : ""
                    },
                    "RemovedTags" : {
                        "items" : [],
                        "tagSetSourceFile" : ""
                    },
                    "Stats" : null,
                    "Actions" : [
                        {
                            "Type" : "Flashpoint_CompleteFlashpoint",
                            "value" : "ms_fp_futureTech_402_HalfReward",
                            "valueConstant" : null,
                            "additionalValues" : [
                                null,
                                null
                            ]
                        },
                        {
                            "Type" : "System_SetDropship",
                            "value" : "Ship",
                            "valueConstant" : null,
                            "additionalValues" : null
                        }
                    ],
                    "ForceEvents" : null,
                    "TemporaryResult" : false,
                    "ResultDuration" : 0
                }
            ],
            "Repeatable" : false,
            "UseRandomInvocation" : false,
            "InvokeChance" : 0
        },
        {
            "Description" : {
                "Id" : "ms_fp_futureTech_402_HalfReward",
                "Name" : "HalfReward",
                "Details" : "Half reward",
                "Icon" : null
            },
            "Scope" : "Company",
            "Requirements" : [],
            "Results" : [
                {
                    "Scope" : "Company",
                    "Requirements" : {
                        "Scope" : "Company",
                        "RequirementTags" : {
                            "items" : [],
                            "tagSetSourceFile" : ""
                        },
                        "ExclusionTags" : {
                            "items" : [],
                            "tagSetSourceFile" : ""
                        },
                        "RequirementComparisons" : []
                    },
                    "AddedTags" : {
                        "items" : [],
                        "tagSetSourceFile" : "Tags/CompanyTags"
                    },
                    "RemovedTags" : {
                        "items" : [],
                        "tagSetSourceFile" : ""
                    },
                    "Stats" : [
                        {
                            "typeString" : "System.Int32",
                            "name" : "Funds",
                            "value" : "1000000",
                            "set" : false,
                            "valueConstant" : null
                        },
                        {
                            "typeString" : "System.Int32",
                            "name" : "Reputation.AuriganRestoration",
                            "value" : "10",
                            "set" : false,
                            "valueConstant" : null
                        },
                        {
                            "typeString" : "System.Int32",
                            "name" : "Morale",
                            "value" : "-1",
                            "set" : false,
                            "valueConstant" : null
                        }
                    ],
                    "Actions" : [
                        {
                            "Type" : "System_PauseNotification",
                            "value" : "The Aurigan Restoration is as good as their word. It's not as good as we could've gotten, but it's something.",
                            "valueConstant" : null,
                            "additionalValues" : [
                                "Status Update",
                                "castDef_DariusDefault"
                            ]
                        }
                    ],
                    "ForceEvents" : null,
                    "TemporaryResult" : false,
                    "ResultDuration" : 0
                }
            ],
            "Repeatable" : false,
            "UseRandomInvocation" : false,
            "InvokeChance" : 0
        },
        {
            "Description" : {
                "Id" : "ms_fp_futureTech_400_CancelComplete",
                "Name" : "Cancel Complete",
                "Details" : "Cancel flashpoint entirely",
                "Icon" : null
            },
            "Scope" : "Company",
            "Requirements" : [],
            "Results" : [
                {
                    "Scope" : "Company",
                    "Requirements" : {
                        "Scope" : "Company",
                        "RequirementTags" : {
                            "items" : [],
                            "tagSetSourceFile" : ""
                        },
                        "ExclusionTags" : {
                            "items" : [],
                            "tagSetSourceFile" : ""
                        },
                        "RequirementComparisons" : []
                    },
                    "AddedTags" : {
                        "items" : [
                            "flashpoint_futureTech_complete",
                            "flashpoint_futureTech_cancel"
                        ],
                        "tagSetSourceFile" : "Tags/CompanyTags"
                    },
                    "RemovedTags" : {
                        "items" : [],
                        "tagSetSourceFile" : ""
                    },
                    "Stats" : null,
                    "Actions" : [
                        {
                            "Type" : "Flashpoint_CompleteFlashpoint",
                            "value" : "ms_fp_futureTech_403_CancelReward",
                            "valueConstant" : null,
                            "additionalValues" : [
                                "itemCollection_loot_none",
                                "CompletedWithoutReward"
                            ]
                        }
                    ],
                    "ForceEvents" : null,
                    "TemporaryResult" : false,
                    "ResultDuration" : 0
                }
            ],
            "Repeatable" : false,
            "UseRandomInvocation" : false,
            "InvokeChance" : 0
        }
    ]
}